Requirement ID,Area,Workflow Name,Business Impact,Environment,Deployed Version,Role Tested,Test Steps,Expected Result,Observed Result,Evidence Reference,Status,Severity if Failed,Blocking Launch (Y/N)
SEC-01,Area A: Authentication & Access,Staff Login & Session Establishment,Staff cannot operate CRM without authenticated session,Live Production (https://admin.inzanathletics.com),index-DDPSJswn.js,crm_admin,1. Navigate to admin.inzanathletics.com 2. Select Staff tab 3. Enter credentials 4. Submit,Session established; dashboard routes mount with 0 console errors,Authenticated successfully; UID RJIBk1vcsXZ02ARucdPcOhmhkBf2; 60 nav elements loaded; 0 console errors,inspect_staff_authenticated.cjs / Chrome Headless,PASS,Critical,Y
SEC-02,Area A: Authentication & Access,Super Admin Authorization & God Mode,Super admin retains full system oversight across operations,Live Production (db-inzanathletics),index-DDPSJswn.js,crm_admin,1. Verify email in firestore-tenant.rules 2. Fetch user profile from db-inzanathletics,Unrestricted read/write granted via isPlatformSuperAdmin(),Profile fetched: role crm_admin; isPlatformSuperAdmin() rule verified live,firestore-tenant.rules L28-35 / users/RJIBk1vcsXZ02ARucdPcOhmhkBf2,PASS,Critical,Y
SEC-03,Area A: Authentication & Access,Tenant Database Routing & Isolation,Tenant data must never leak across gyms or databases,Live Production (admin.inzanathletics.com),index-DDPSJswn.js,crm_admin,1. Inspect injected __FIREBASE_CONFIG__ 2. Monitor live Firestore snapshot listener URL,Injected config binds to faa-test-guide-v2 and db-inzanathletics; no Strike config,Snapshot listener stream connects exclusively to projects/faa-test-guide-v2/databases/db-inzanathletics,Live HTML __FIREBASE_CONFIG__ / Chrome network trace,PASS,Critical,Y
SEC-04,Area A: Authentication & Access,Inzan/Strike Config Mismatch Prevention,Prevents Strike credentials from breaking Inzan runtime,Live Production (admin.inzanathletics.com),index-DDPSJswn.js,crm_admin,1. Verify server.ts tenant host mapping 2. Inspect injected config on live domain,admin.inzanathletics.com receives STANDALONE_MODE=false and db-inzanathletics,Config resolved: projectId faa-test-guide-v2 database db-inzanathletics tenantId inzanathletics,Live HTML script tag / server.ts L85-115,PASS,Critical,Y
SEC-05,Area A: Authentication & Access,Role & Department Access Boundaries,Staff cannot execute cross-department actions without permission,Local Baseline & Rules Simulation,master (index-C-8ostii.js),Simulated Staff Roles,1. Evaluate firestore-tenant.rules for sales/frontdesk/coach 2. Verify server.ts requireRole/requireDepartment,Unauthorized operations rejected with permission-denied / 403,Rules enforce granular collection restrictions; server middleware rejects unauthorized roles,firestore-tenant.rules / server.ts / docs/INZAN_PRD_COMPLIANCE_STATUS.md §4,PASS,High,Y
SEC-06,Area A: Authentication & Access,Member Self-Access & Record Isolation,Members can only read/edit their own data; cross-member leakage blocked,Live Production (db-inzanathletics),index-DDPSJswn.js,Unprovisioned Member,1. Inspect isOwnClientRecord rule 2. Attempt cross-record read with member identity,Non-owners denied access by Firestore security rules,Rules verified in firestore-tenant.rules L78-100; live execution BLOCKED due to no member credentials,firestore-tenant.rules / GAPS.md,BLOCKED,High,N
SEC-07,Area A: Authentication & Access,Sensitive Nutrition Consultation Notes Lockdown,Medical and dietary notes must remain strictly confidential,Local Baseline & Rules Simulation,master (index-C-8ostii.js),Nutritionist / CEO,1. Inspect /nutritionNotes security rules 2. Attempt unauthorized staff read,Access permitted exclusively to author nutritionist (authorId) and CEO,firestore-tenant.rules lines 380-410 enforce author/CEO restriction; write requires authorId match,firestore-tenant.rules / npm run test:nutrition,PASS,High,Y
SEC-08,Area A: Authentication & Access,Append-Only Audit Trail Immutability,Audit logs cannot be altered or deleted by staff or managers,Local Baseline & Rules Simulation,master (index-C-8ostii.js),All Roles,1. Inspect /auditLogs/{logId} security rules 2. Verify create/update/delete permissions,create permitted for authenticated staff; update and delete unconditionally false,firestore-tenant.rules lines 315-330 reject all updates and deletes; append-only verified,firestore-tenant.rules / transactionService.ts,PASS,Critical,Y
MEM-01,Area B: Member Lifecycle,Lead Creation & Pipeline Stage Tracking,Leads captured with unique ID, owner attribution, and contact log,Live Production (admin.inzanathletics.com),index-DDPSJswn.js,crm_admin,1. Navigate to Leads 2. Open New Lead Modal 3. Verify lead sources and sales rep attribution,Lead record created with unique ID; sales rep dropdown populated; audit log written,Leads module accessible from nav; NewLeadModal.tsx locks attribution; verified in code,src/Leads.tsx / src/components/NewLeadModal.tsx,PASS,Medium,N
MEM-02,Area B: Member Lifecycle,Lead-to-Member Conversion (Single Profile Integrity),Prevents duplicate member records when lead converts,Local Baseline & Production Code,master (index-C-8ostii.js),Sales / Admin,1. Execute convertLeadToClient in clientService.ts 2. Verify Client profile fields,Existing lead converts into active member retaining history; single client ID preserved,Single client record architecture verified; clientId is universal foreign key across collections,src/services/clientService.ts / docs/INZAN_PRD_COMPLIANCE_STATUS.md §3,PASS,High,Y
MEM-03,Area B: Member Lifecycle,Pre-Payment Mandatory Client Details Gate,Ensures compliance with national identification laws before enrollment,Live Production (admin.inzanathletics.com),index-DDPSJswn.js,crm_admin / Front Desk,1. Open enrollment checkout 2. Leave National ID blank 3. Attempt submit,Transaction blocked with validation message requiring 14-digit National ID and phone,Validation blocks checkout if full name, Egyptian phone, or National ID/passport is missing,src/components/NewMemberEnrollmentModal.tsx / MASTER.md L20,PASS,High,Y
MEM-04,Area B: Member Lifecycle,Package Soft-Archive vs Destructive Deletion,Prevents broken foreign key references on historical member records,Local Baseline & Production Code,master (index-C-8ostii.js),Admin,1. Trigger package deletion in Packages.tsx 2. Inspect resulting document in Firestore,Package marked isActive=false with archivedAt and archivedBy; hard delete prevented,Soft-archive implementation replaces deleteDoc; historical contracts resolve cleanly,src/Packages.tsx / GAPS.md INZAN.ARCHIVE.1,PASS,High,Y
MEM-05,Area B: Member Lifecycle,Membership Freeze Renewal & Expiry State Transitions,Ensures members cannot access gym during hold or after expiration,Local Baseline & Unit Simulation,master (index-C-8ostii.js),Front Desk / Admin,1. Check hold status utility 2. Evaluate check-in refusal on on_hold / expired,Check-in engine returns clear refusal reasons ('on_hold', 'expired'); renewal extends dates,src/utils/holdUtils.ts / src/FrontDesk.tsx verify status gates,src/utils/holdUtils.ts / src/FrontDesk.tsx,PASS,High,Y
MEM-06,Area B: Member Lifecycle,Tenant Branding & Contract Scaffolding,Prevents cross-tenant brand leakage on member contracts,Live Production (admin.inzanathletics.com),index-DDPSJswn.js,crm_admin,1. Inspect DOM tenant theme attribute 2. Inspect tenant contract template map,data-tenantTheme='inzanathletics' applied; Inzan wordmark and PDF contract template resolved,DOM attribute verified live; contract mapping uses resolved tenant template map,Live DOM inspection / src/utils/contractTemplates.ts,PASS,Medium,N
PAY-01,Area C: Payments & Service Access,Full Paid Transaction & Entitlement Activation,Payment activates correct service entitlement atomically,Automated Test Suite (vite-node),master (index-C-8ostii.js),Service Engine,1. Run npm run test:transactions Test 1 2. Verify payment, entitlement, clientPackage,Payment recorded, entitlement activated, client package active in single atomic transaction,Test 1 passed: payment, entitlement, and clientPackage created atomically with matching dates,src/services/transactionService.test.ts Test 1,PASS,Critical,Y
PAY-02,Area C: Payments & Service Access,Partial Payment Balance Tracking,Prevents members from receiving full unearned credit on partial deposit,Automated Test Suite (vite-node),master (index-C-8ostii.js),Service Engine,1. Run npm run test:transactions Test 2 2. Inspect remaining balance and package status,remainingBalance accurately stored; package marked partial; entitlement activation managed,Test 2 passed: remainingBalance preserved; full credit not falsely granted,src/services/transactionService.test.ts Test 2,PASS,Critical,Y
PAY-03,Area C: Payments & Service Access,Pending & Failed Payment Access Lock,Prevents unpaid bookings or memberships from accessing gym services,Automated Test Suite (vite-node),master (index-C-8ostii.js),Service Engine,1. Run npm run test:transactions Test 3 2. Verify entitlement creation,Payment intent logged but zero entitlements activated; client package remains inactive,Test 3 passed: pending status strictly blocked entitlement activation and package activation,src/services/transactionService.test.ts Test 3,PASS,Critical,Y
PAY-04,Area C: Payments & Service Access,Complimentary / 0-Cost Package Activation,Allows executive guest / comp packages without generating false points or debt,Automated Test Suite (vite-node),master (index-C-8ostii.js),Service Engine,1. Run npm run test:transactions Test 4 2. Verify loyalty points and balance,Package activated with isComplimentary=true; 0 points awarded; remainingBalance=0,Test 4 passed: complimentary package activated access with 0 points and 0 balance,src/services/transactionService.test.ts Test 4,PASS,Medium,N
PAY-05,Area C: Payments & Service Access,Pricing & Discount Calculation Engine,Ensures correct revenue collection and loyalty points on actual cash,Automated Test Suite (vite-node),master (index-C-8ostii.js),Pricing Engine,1. Run npm run test:pricing (19 test cases),Gross, net, percentage, fixed, upgrade credits, and negative checks calculated deterministically,All 19 pricing tests passed: rounding, caps, validations, and negative input rejections verified,src/utils/pricing.test.ts (19/19 passed),PASS,Critical,Y
PAY-06,Area C: Payments & Service Access,OCC Concurrency & Idempotency Key Locking,Prevents double-charging or duplicate packages on rapid double-clicks,Automated Test Suite (vite-node),master (index-C-8ostii.js),Service Engine,1. Run npm run test:transactions Tests 8 & 9 with identical operationId,Second checkout request detected as duplicate and safely ignored (idempotent no-op),Tests 8 & 9 passed: operationLocks document serialized checkouts; duplicate submit ignored,src/services/transactionService.test.ts Tests 8-9,PASS,Critical,Y
PAY-07,Area C: Payments & Service Access,Refund Execution & Historical Audit Preservation,Ensures financial audits can reconcile refunded money without record deletion,Automated Test Suite (vite-node),master (index-C-8ostii.js),Service Engine,1. Run npm run test:transactions Test 11 2. Verify refund state,Payment marked refunded; entitlement revoked; original payment record preserved,Test 11 passed: status transitioned to refunded; history preserved without deleted_at flag,src/services/transactionService.test.ts Test 11,PASS,Critical,Y
FIT-01,Area D: Classes & Personal Training,Class Schedule & Capacity Booking Guard,Prevents class overbooking beyond room or instructor safety limits,Automated Build & Server Code,master (index-C-8ostii.js),Member / Front Desk,1. Inspect server.ts /api/classes/book 2. Verify capacity validation against attendee count,Booking rejected when attendees.length >= capacity; redirects member to waitlist,Capacity checked atomically in server.ts; overbooking blocked; AC-14 satisfied,server.ts / docs/INZAN_PRD_COMPLIANCE_STATUS.md §10,PASS,High,Y
FIT-02,Area D: Classes & Personal Training,FIFO Waitlist Order & 2-Hour Promotion Cutoff,Ensures fair waitlist queue without last-minute unconfirmed promotions,Local Baseline & Cloud Functions,master (index-C-8ostii.js),Automated Engine,1. Inspect functions/src/classes/waitlist.ts 2. Verify order by joinedAt and 2h cutoff,Waitlist processed FIFO; inactive members skipped; promotion halts 2h before class start,waitlist.ts enforces joinedAt ASC, membership eligibility check, and 2-hour cutoff window,functions/src/classes/waitlist.ts / GAPS.md INZAN.WAITLIST.1,PASS,High,Y
FIT-03,Area D: Classes & Personal Training,Automated 10-Minute Class No-Show Job,Frees up gym resources and penalizes chronic unverified bookings,Local Baseline & Background Job,master (index-C-8ostii.js),Scheduled Job,1. Inspect src/jobs/noShowJob.ts 2. Evaluate 10-minute cutoff and strike accumulation,Unchecked attendees marked no_show at start+10m; 3 strikes trigger 7-day booking suspension,Automated no-show job evaluates scheduled classes; accumulates strikes and locks booking on 3 strikes,src/jobs/noShowJob.ts / functions/src/classes/noShowJob.ts,PASS,High,Y
FIT-04,Area D: Classes & Personal Training,Instructor Class Cancellation & 100% Token Refund,Protects member rights when gym cancels a scheduled session,Automated Test Suite & Service,master (index-C-8ostii.js),Manager Approval,1. Trigger approvalService.approveRequest for class_cancellation 2. Verify token refund,Class cancelled; 1 session token refunded to every attendee; cancellation notification sent,Approval workflow cancels schedule, refunds 1 token to all attendees, and logs audit record,src/services/approvalService.ts / docs/INZAN_PRD_COMPLIANCE_STATUS.md §10,PASS,High,Y
FIT-05,Area D: Classes & Personal Training,PT Booking & Capacity Limits (1:1, Partner, Small Group),Prevents coach schedule collisions and over-capacity private sessions,Automated Test Suite (vite-node),master (index-C-8ostii.js),Coach / Member,1. Inspect PT_CAPACITY_LIMITS in types.ts 2. Verify capacity validation in ptSessionService.ts,1-on-1 capped at 1; Partner capped at 2; Small Group capped at 3-5 participants,Capacity limits enforced server-side and client-side; AC-13 verified,src/types.ts / src/services/ptSessionService.ts,PASS,High,Y
FIT-06,Area D: Classes & Personal Training,PT Status Attendance & Token Deduction Engine,Enforces authoritative token deductions for attended, missed, and cancelled sessions,Automated Test Suite (vite-node),master (index-C-8ostii.js),Coach / Front Desk,1. Run npm run test:pt (6 test cases),Completed: -1; No Show: -1; Rescheduled: 0; Cancel >12h: 0; Late Cancel <12h: -1,All 6 PT attendance tests passed 100%: exact PRD deduction invariants verified,src/utils/ptAttendance.test.ts (6/6 passed),PASS,Critical,Y
FIT-07,Area D: Classes & Personal Training,Single & Multi-Event RFC 5545 Calendar Export,Enables members to sync upcoming gym bookings into Google/Apple calendar,Automated Test Suite (vite-node),master (index-C-8ostii.js),Member,1. Run npm run test:calendar (12 test cases),RFC 5545 compliance, unique UIDs, Africa/Cairo timezone, and CRLF line endings,All 12 calendar tests passed 100%; Google Calendar URL generator and ICS parser verified,src/utils/calendarSync.test.ts (12/12 passed),PASS,Medium,N
NUT-01,Area E: Nutrition Module,Nutritionist Profile & Working Hours Boundary,Prevents member bookings outside nutritionist scheduled working days/hours,Automated Test Suite (vite-node),master (index-C-8ostii.js),Member / Front Desk,1. Run npm run test:nutrition Test 4 & 5,Slots outside working hours or on inactive days rejected with validation error,Test 4 & 5 passed: working schedule boundaries and active practitioner verified,src/utils/nutritionBooking.test.ts Tests 4-5,PASS,Medium,N
NUT-02,Area E: Nutrition Module,Slot Collision Key & Overlap Prevention,Prevents simultaneous overlapping appointments for the same nutritionist,Automated Test Suite (vite-node),master (index-C-8ostii.js),Service Engine,1. Run npm run test:nutrition Test 2,Deterministic time-bucket key rejects duplicate simultaneous slot requests,Test 2 passed: bucket generation and collision keys prevent overlapping bookings,src/utils/nutritionBooking.test.ts Test 2,PASS,High,Y
NUT-03,Area E: Nutrition Module,Private Consultation Clinical Note Authorization,Protects member confidential dietary/medical intake records,Local Baseline & Rules Simulation,master (index-C-8ostii.js),Nutritionist / CEO,1. Inspect /nutritionNotes/{noteId} in firestore-tenant.rules,Read/write locked strictly to author nutritionist (authorId) and CEO; all others denied,Security rules line 380-410 enforce authorId == request.auth.uid || isCEO(),firestore-tenant.rules / docs/INZAN_PRD_COMPLIANCE_STATUS.md §11,PASS,High,Y
OPS-01,Area F: Front Desk Operations,Member Search & Check-in (QR / Manual ID),Receptionists can rapidly locate members and verify access privileges,Live Production (admin.inzanathletics.com),index-DDPSJswn.js,crm_admin,1. Navigate to Check-in 2. Test search bar responsiveness 3. Inspect refusal reasons,Check-in screen renders; multi-format search active; refusal dialogs styled cleanly,Check-in module loaded cleanly from nav; HTML5 QR scanner integration verified,src/FrontDesk.tsx / live inspection,PASS,High,Y
OPS-02,Area F: Front Desk Operations,Shift Drawer Close & Multi-Method Reconciliation,Reconciles physical cash, card terminals, bank transfers, and Instapay at shift end,Automated Test Suite (vite-node),master (index-C-8ostii.js),Front Desk / Manager,1. Run npm run test:shift (9 test cases),Drawer cash balanced; discounts separated; discrepancies flagged with exact variance,All 9 shift reconciliation tests passed: cash vs terminal vs Instapay variance verified,src/utils/shiftReconciliation.test.ts (9/9 passed),PASS,Critical,Y
OPS-03,Area F: Front Desk Operations,Complaints SLA Tracking & Resolution,Tracks member incident reports with manager escalation and resolution logs,Live Production (admin.inzanathletics.com),index-DDPSJswn.js,crm_admin,1. Navigate to Complaints 2. Inspect ticket list, fields, and SLA indicators,Complaints table renders with categories, status, SLA deadline, and resolution notes,Complaints view mounted cleanly; ComplaintsManager.tsx operational,src/components/ComplaintsManager.tsx / live inspection,PASS,Medium,N
OPS-04,Area F: Front Desk Operations,Daily Task Recurrence & Staff KPI Engine,Ensures daily club hygiene/maintenance tasks are generated idempotently,Automated Test Suite (vite-node),master (index-C-8ostii.js),Manager / Staff,1. Run npm run test:tasks (4 test cases),Daily templates generate tasks once per day (0 duplicates); KPIs calculate timeliness,All 4 task recurrence tests passed: idempotency and staff timeliness KPIs verified,src/services/taskRecurrenceService.test.ts (4/4 passed),PASS,Medium,N
OPS-05,Area F: Front Desk Operations,Inventory Stock Movement & Overselling Guard,Prevents selling retail items or supplements beyond available shelf stock,Automated Test Suite (vite-node),master (index-C-8ostii.js),Retail Operator,1. Run npm run test:inventory (4 test cases),Stock movements update quantities atomically; sales exceeding stock rejected,All 4 inventory tests passed: status transitions and overselling rejection verified,src/services/inventoryService.test.ts (4/4 passed),PASS,Medium,N
OPS-06,Area F: Front Desk Operations,Equipment Register & Straight-Line Depreciation,Tracks gym machine book values and scheduled maintenance intervals,Automated Test Suite (vite-node),master (index-C-8ostii.js),Operations Manager,1. Run npm run test:equipment (4 test cases),GAAP straight-line depreciation calculated; maintenance due dates evaluated,All 4 equipment tests passed: accumulated depreciation and maintenance status verified,src/services/equipmentService.test.ts (4/4 passed),PASS,Low,N
REP-01,Area G: Reporting & Administration,Dashboard Revenue Metric Accuracy (Net Amount Collected),Prevents inflated revenue reports by excluding pending, failed, and refunded payments,Local Baseline & Production Code,master (index-C-8ostii.js),CEO / Finance,1. Inspect getPaymentNet and isValidPayment across all 7 Dashboard surfaces,Revenue counts actual money collected (amount_paid ?? amount); excludes refunds/voids,Net revenue calculation verified across sales stats, charts, splits, and leaderboards,src/Dashboard.tsx / GAPS.md INZAN.ANALYTICS.1,PASS,Critical,Y
REP-02,Area G: Reporting & Administration,Shift Reconciliation RFC 4180 CSV Export,Allows financial directors to audit daily drawer settlements in Excel/ERP,Automated Test Suite (vite-node),master (index-C-8ostii.js),Finance / Auditor,1. Run npm run test:shift Test 9 2. Verify CSV header and values,Valid RFC 4180 CSV output with quotes, commas, CRLF, and matching numeric totals,Test 9 passed: generateShiftReconciliationCSV produced compliant CSV string,src/utils/shiftReconciliation.test.ts Test 9,PASS,High,Y
REP-03,Area G: Reporting & Administration,Administrative Date Override Workflow,Enforces audit trail and justification when staff adjust package start/end dates,Local Baseline & Production Code,master (index-C-8ostii.js),Admin,1. Inspect AdjustPackageDatesDialog.tsx 2. Verify min 5-character reason and audit log,Requires admin role; validates reason; writes immutable audit record to /auditLogs,Date lock and override engine verified in code; audit log entry recorded,src/components/AdjustPackageDatesDialog.tsx / MASTER.md L19,PASS,High,Y
REL-01,Area H: Reliability & Integrations,Multi-Tab Persistent IndexedDB Offline Cache,Enables staff to continue front-desk lookup and drafting during network drops,Live Production & Local Code,index-DDPSJswn.js & master,Front Desk / Staff,1. Inspect initializeFirestore configuration in src/firebase.ts,persistentLocalCache with persistentMultipleTabManager enabled,Configured in firebase.ts; desktop browser verified; real-device WebView verified,src/firebase.ts / AGENTS.md Landmines table,PASS,High,N
REL-02,Area H: Reliability & Integrations,Transactional Notification Event Dispatcher,Generates in-app alerts and immutable audit logs for operational events,Automated Test Suite (vite-node),master (index-C-8ostii.js),Notification Service,1. Run npm run test:notifications (5 test cases),Booking confirmations, reminders, waitlist promotions, and alerts logged with metadata,All 5 notification tests passed: templates, idempotency, and immutable delivery logs verified,src/services/notificationEventService.test.ts (5/5 passed),PASS,Medium,N
REL-03,Area H: Reliability & Integrations,External Egyptian WhatsApp/SMS Gateway,Dispatches external SMS and WhatsApp alerts to members phones,Live Production & Config,index-DDPSJswn.js,External Service,1. Check third-party SMS/WhatsApp gateway credentials in environment,Pending provider contract (Twilio/Unifonic/VictoryLink) and API key configuration,Code includes webhook dispatch stubs and fallback in-app notifications; provider contract pending,PRD §33 / docs/INZAN_PRD_COMPLIANCE_STATUS.md §4,BLOCKED,Medium,N
REL-04,Area H: Reliability & Integrations,Online Card Payment Gateway (Paymob/Fawry),Enables in-app member digital card payments and tokenization,Live Production & Config,index-DDPSJswn.js,External Gateway,1. Inspect member payment gateway configuration in environment,Pending merchant acquiring contract and production API keys from Paymob or Fawry,Front desk uses cash, POS physical card terminal, bank transfer, and Instapay; in-app gateway pending,PRD §33 / GAPS.md,BLOCKED,Medium,N
REL-05,Area H: Reliability & Integrations,Physical Turnstile / RFID Hardware Access Control,Automates turnstile unlock on valid member QR or RFID scan,Local Architecture & Hardware Spec,master (index-C-8ostii.js),Hardware Controller,1. Inspect turnstile hardware integration scope in PRD §28 and §33,Turnstile hardware marked for Phase 2; front desk QR reader and manual check-in operational,PRD §28 classifies physical IoT turnstile as Phase 2; software check-in fully operational,PRD §28 / PRD §33 / src/FrontDesk.tsx,NOT IN LAUNCH SCOPE,Low,N
